product_name,period,search_ratio,search_keywords
구운계란,2026-04-08,55.45646,구운계란
구운계란,2026-04-09,54.56465,구운계란
구운계란,2026-04-10,42.64257,구운계란
구운계란,2026-04-11,30.43886,구운계란
구운계란,2026-04-12,41.65688,구운계란
구운계란,2026-04-13,65.64186,구운계란
구운계란,2026-04-14,59.93898,구운계란
구운계란,2026-04-15,55.78502,구운계란
구운계란,2026-04-16,53.5555,구운계란
구운계란,2026-04-17,40.50692,구운계란
구운계란,2026-04-18,29.07768,구운계란
구운계란,2026-04-19,39.23961,구운계란
구운계란,2026-04-20,69.60807,구운계란
구운계란,2026-04-21,63.38887,구운계란
꽃게,2026-04-08,57.00539,꽃게
꽃게,2026-04-09,59.86857,꽃게
꽃게,2026-04-10,51.84229,꽃게
꽃게,2026-04-11,49.75357,꽃게
꽃게,2026-04-12,48.01689,꽃게
꽃게,2026-04-13,56.91152,꽃게
꽃게,2026-04-14,52.75756,꽃게
꽃게,2026-04-15,56.20746,꽃게
꽃게,2026-04-16,71.03966,꽃게
꽃게,2026-04-17,64.13987,꽃게
꽃게,2026-04-18,57.61558,꽃게
꽃게,2026-04-19,75.47524,꽃게
꽃게,2026-04-20,80.63834,꽃게
꽃게,2026-04-21,75.38136,꽃게
닭가슴살,2026-04-08,79.3942,닭가슴살
닭가슴살,2026-04-09,78.47667,닭가슴살
닭가슴살,2026-04-10,63.91775,닭가슴살
닭가슴살,2026-04-11,51.72451,닭가슴살
닭가슴살,2026-04-12,68.85916,닭가슴살
닭가슴살,2026-04-13,97.46849,닭가슴살
닭가슴살,2026-04-14,89.3323,닭가슴살
닭가슴살,2026-04-15,81.25138,닭가슴살
닭가슴살,2026-04-16,74.54123,닭가슴살
닭가슴살,2026-04-17,60.61242,닭가슴살
닭가슴살,2026-04-18,50.22109,닭가슴살
닭가슴살,2026-04-19,66.00707,닭가슴살
닭가슴살,2026-04-20,92.6929,닭가슴살
닭가슴살,2026-04-21,86.06013,닭가슴살
두릅,2026-04-08,21.25914,두릅
두릅,2026-04-09,18.59818,두릅
두릅,2026-04-10,19.13679,두릅
두릅,2026-04-11,24.14125,두릅
두릅,2026-04-12,26.19582,두릅
두릅,2026-04-13,27.36579,두릅
두릅,2026-04-14,31.61048,두릅
두릅,2026-04-15,32.64134,두릅
두릅,2026-04-16,32.2454,두릅
두릅,2026-04-17,31.11467,두릅
두릅,2026-04-18,31.28945,두릅
두릅,2026-04-19,33.24772,두릅
두릅,2026-04-20,31.63902,두릅
두릅,2026-04-21,30.71874,두릅
레몬즙,2026-04-08,15.71262,레몬즙
레몬즙,2026-04-09,16.55881,레몬즙
레몬즙,2026-04-10,14.06172,레몬즙
레몬즙,2026-04-11,13.14916,레몬즙
레몬즙,2026-04-12,13.82113,레몬즙
레몬즙,2026-04-13,16.21038,레몬즙
레몬즙,2026-04-14,18.98125,레몬즙
레몬즙,2026-04-15,15.83706,레몬즙
레몬즙,2026-04-16,14.80836,레몬즙
레몬즙,2026-04-17,12.47718,레몬즙
레몬즙,2026-04-18,12.49377,레몬즙
레몬즙,2026-04-19,14.55118,레몬즙
레몬즙,2026-04-20,16.51733,레몬즙
레몬즙,2026-04-21,16.03617,레몬즙
마그네슘,2026-04-08,91.24618,마그네슘
마그네슘,2026-04-09,87.51466,마그네슘
마그네슘,2026-04-10,87.42079,마그네슘
마그네슘,2026-04-11,73.64468,마그네슘
마그네슘,2026-04-12,81.92912,마그네슘
마그네슘,2026-04-13,100,마그네슘
마그네슘,2026-04-14,92.86552,마그네슘
마그네슘,2026-04-15,89.32175,마그네슘
마그네슘,2026-04-16,83.05562,마그네슘
마그네슘,2026-04-17,77.58742,마그네슘
마그네슘,2026-04-18,76.76601,마그네슘
마그네슘,2026-04-19,81.99953,마그네슘
마그네슘,2026-04-20,96.73785,마그네슘
마그네슘,2026-04-21,92.34921,마그네슘
마늘쫑,2026-04-08,7.14285,마늘쫑
마늘쫑,2026-04-09,7.01841,마늘쫑
마늘쫑,2026-04-10,7.32536,마늘쫑
마늘쫑,2026-04-11,7.0433,마늘쫑
마늘쫑,2026-04-12,8.6942,마늘쫑
마늘쫑,2026-04-13,10.17919,마늘쫑
마늘쫑,2026-04-14,11.09175,마늘쫑
마늘쫑,2026-04-15,11.93794,마늘쫑
마늘쫑,2026-04-16,12.82561,마늘쫑
마늘쫑,2026-04-17,12.26978,마늘쫑
마늘쫑,2026-04-18,12.12045,마늘쫑
마늘쫑,2026-04-19,14.44333,마늘쫑
마늘쫑,2026-04-20,16.68325,마늘쫑
마늘쫑,2026-04-21,18.94806,마늘쫑
비타민c,2026-04-08,13.64365,비타민c
비타민c,2026-04-09,13.99678,비타민c
비타민c,2026-04-10,12.46299,비타민c
비타민c,2026-04-11,11.68182,비타민c
비타민c,2026-04-12,12.77688,비타민c
비타민c,2026-04-13,14.00035,비타민c
비타민c,2026-04-14,16.08703,비타민c
비타민c,2026-04-15,15.05617,비타민c
비타민c,2026-04-16,15.51988,비타민c
비타민c,2026-04-17,14.15373,비타민c
비타민c,2026-04-18,13.97895,비타민c
비타민c,2026-04-19,16.54003,비타민c
비타민c,2026-04-20,17.30693,비타민c
비타민c,2026-04-21,17.79917,비타민c
사과,2026-04-08,12.05279,사과
사과,2026-04-09,11.78883,사과
사과,2026-04-10,9.70572,사과
사과,2026-04-11,8.59639,사과
사과,2026-04-12,9.64508,사과
사과,2026-04-13,12.61993,사과
사과,2026-04-14,11.53201,사과
사과,2026-04-15,11.19671,사과
사과,2026-04-16,10.40841,사과
사과,2026-04-17,9.30265,사과
사과,2026-04-18,7.97931,사과
사과,2026-04-19,10.19796,사과
사과,2026-04-20,12.17406,사과
사과,2026-04-21,11.23952,사과
생수,2026-04-08,59.18798,생수
생수,2026-04-09,56.51255,생수
생수,2026-04-10,51.70147,생수
생수,2026-04-11,42.75991,생수
생수,2026-04-12,53.13306,생수
생수,2026-04-13,67.87139,생수
생수,2026-04-14,64.9378,생수
생수,2026-04-15,65.45411,생수
생수,2026-04-16,64.09293,생수
생수,2026-04-17,55.29218,생수
생수,2026-04-18,47.19549,생수
생수,2026-04-19,57.96761,생수
생수,2026-04-20,62.00422,생수
생수,2026-04-21,61.53485,생수
쌀10kg,2026-04-08,23.09307,쌀10kg
쌀10kg,2026-04-09,23.4026,쌀10kg
쌀10kg,2026-04-10,20.08622,쌀10kg
쌀10kg,2026-04-11,19.10236,쌀10kg
쌀10kg,2026-04-12,24.74021,쌀10kg
쌀10kg,2026-04-13,26.2768,쌀10kg
쌀10kg,2026-04-14,24.54123,쌀10kg
쌀10kg,2026-04-15,23.67897,쌀10kg
쌀10kg,2026-04-16,21.91023,쌀10kg
쌀10kg,2026-04-17,20.41786,쌀10kg
쌀10kg,2026-04-18,18.81494,쌀10kg
쌀10kg,2026-04-19,24.27592,쌀10kg
쌀10kg,2026-04-20,29.93588,쌀10kg
쌀10kg,2026-04-21,26.05571,쌀10kg
쌀20kg,2026-04-08,28.98518,쌀20kg
쌀20kg,2026-04-09,27.75812,쌀20kg
쌀20kg,2026-04-10,23.92217,쌀20kg
쌀20kg,2026-04-11,24.1101,쌀20kg
쌀20kg,2026-04-12,27.80234,쌀20kg
쌀20kg,2026-04-13,29.81428,쌀20kg
쌀20kg,2026-04-14,27.69179,쌀20kg
쌀20kg,2026-04-15,26.25469,쌀20kg
쌀20kg,2026-04-16,26.71899,쌀20kg
쌀20kg,2026-04-17,23.31417,쌀20kg
쌀20kg,2026-04-18,20.91532,쌀20kg
쌀20kg,2026-04-19,25.14923,쌀20kg
쌀20kg,2026-04-20,25.5472,쌀20kg
쌀20kg,2026-04-21,26.34313,쌀20kg
알부민,2026-04-08,48.92151,알부민
알부민,2026-04-09,46.2585,알부민
알부민,2026-04-10,38.45196,알부민
알부민,2026-04-11,38.41048,알부민
알부민,2026-04-12,36.37796,알부민
알부민,2026-04-13,74.63912,알부민
알부민,2026-04-14,100,알부민
알부민,2026-04-15,62.25319,알부민
알부민,2026-04-16,51.42691,알부민
알부민,2026-04-17,42.29301,알부민
알부민,2026-04-18,47.39505,알부민
알부민,2026-04-19,40.27708,알부민
알부민,2026-04-20,58.87672,알부민
알부민,2026-04-21,45.40401,알부민
엄나무순,2026-04-08,23.07947,엄나무순
엄나무순,2026-04-09,23.95055,엄나무순
엄나무순,2026-04-10,27.45976,엄나무순
엄나무순,2026-04-11,34.70217,엄나무순
엄나무순,2026-04-12,44.64907,엄나무순
엄나무순,2026-04-13,48.79707,엄나무순
엄나무순,2026-04-14,56.29666,엄나무순
엄나무순,2026-04-15,61.8052,엄나무순
엄나무순,2026-04-16,64.32719,엄나무순
엄나무순,2026-04-17,67.10635,엄나무순
엄나무순,2026-04-18,70.46623,엄나무순
엄나무순,2026-04-19,74.24091,엄나무순
엄나무순,2026-04-20,73.49427,엄나무순
엄나무순,2026-04-21,78.33914,엄나무순
오메가3,2026-04-08,85.71744,오메가3
오메가3,2026-04-09,87.99469,오메가3
오메가3,2026-04-10,76.46473,오메가3
오메가3,2026-04-11,68.25116,오메가3
오메가3,2026-04-12,79.96904,오메가3
오메가3,2026-04-13,93.06875,오메가3
오메가3,2026-04-14,89.5755,오메가3
오메가3,2026-04-15,84.18085,오메가3
오메가3,2026-04-16,82.22418,오메가3
오메가3,2026-04-17,74.80654,오메가3
오메가3,2026-04-18,71.97656,오메가3
오메가3,2026-04-19,87.24298,오메가3
오메가3,2026-04-20,100,오메가3
오메가3,2026-04-21,97.59009,오메가3
오이,2026-04-08,74.60674,오이
오이,2026-04-09,72.92134,오이
오이,2026-04-10,68.65168,오이
오이,2026-04-11,69.04494,오이
오이,2026-04-12,81.12359,오이
오이,2026-04-13,87.69662,오이
오이,2026-04-14,85.16853,오이
오이,2026-04-15,89.04494,오이
오이,2026-04-16,87.13483,오이
오이,2026-04-17,84.7191,오이
오이,2026-04-18,84.77528,오이
오이,2026-04-19,100,오이
오이,2026-04-20,98.48314,오이
오이,2026-04-21,96.91011,오이
올리브오일,2026-04-08,34.89298,올리브오일
올리브오일,2026-04-09,36.35307,올리브오일
올리브오일,2026-04-10,32.59498,올리브오일
올리브오일,2026-04-11,30.30529,올리브오일
올리브오일,2026-04-12,31.64924,올리브오일
올리브오일,2026-04-13,33.93064,올리브오일
올리브오일,2026-04-14,31.41695,올리브오일
올리브오일,2026-04-15,35.2663,올리브오일
올리브오일,2026-04-16,31.01045,올리브오일
올리브오일,2026-04-17,28.79542,올리브오일
올리브오일,2026-04-18,34.03019,올리브오일
올리브오일,2026-04-19,35.68939,올리브오일
올리브오일,2026-04-20,36.62684,올리브오일
올리브오일,2026-04-21,35.33266,올리브오일
임박,2026-04-08,7.95587,임박
임박,2026-04-09,7.65078,임박
임박,2026-04-10,7.65078,임박
임박,2026-04-11,4.99882,임박
임박,2026-04-12,5.77329,임박
임박,2026-04-13,8.07322,임박
임박,2026-04-14,8.12015,임박
임박,2026-04-15,7.32222,임박
임박,2026-04-16,7.50997,임박
임박,2026-04-17,6.75897,임박
임박,2026-04-18,4.83454,임박
임박,2026-04-19,5.42126,임박
임박,2026-04-20,8.70687,임박
임박,2026-04-21,7.83853,임박
참외,2026-04-08,30.51072,참외
참외,2026-04-09,28.2003,참외
참외,2026-04-10,25.76829,참외
참외,2026-04-11,24.08799,참외
참외,2026-04-12,28.35507,참외
참외,2026-04-13,34.36878,참외
참외,2026-04-14,34.42405,참외
참외,2026-04-15,36.61286,참외
참외,2026-04-16,40.97943,참외
참외,2026-04-17,32.52266,참외
참외,2026-04-18,29.57108,참외
참외,2026-04-19,33.52863,참외
참외,2026-04-20,38.33738,참외
참외,2026-04-21,39.39862,참외
창억떡,2026-04-08,98.37346,창억떡
창억떡,2026-04-09,100,창억떡
창억떡,2026-04-10,85.95683,창억떡
창억떡,2026-04-11,80.00713,창억떡
창억떡,2026-04-12,83.83092,창억떡
창억떡,2026-04-13,92.91599,창억떡
창억떡,2026-04-14,82.82504,창억떡
창억떡,2026-04-15,75.55912,창억떡
창억떡,2026-04-16,70.87212,창억떡
창억떡,2026-04-17,65.1614,창억떡
창억떡,2026-04-18,60.51721,창억떡
창억떡,2026-04-19,54.78509,창억떡
창억떡,2026-04-20,68.56072,창억떡
창억떡,2026-04-21,67.83306,창억떡
촉촉한황치즈칩,2026-04-08,22.33279,촉촉한황치즈칩
촉촉한황치즈칩,2026-04-09,22.7644,촉촉한황치즈칩
촉촉한황치즈칩,2026-04-10,18.13447,촉촉한황치즈칩
촉촉한황치즈칩,2026-04-11,19.42928,촉촉한황치즈칩
촉촉한황치즈칩,2026-04-12,17.44604,촉촉한황치즈칩
촉촉한황치즈칩,2026-04-13,22.00107,촉촉한황치즈칩
촉촉한황치즈칩,2026-04-14,30.94346,촉촉한황치즈칩
촉촉한황치즈칩,2026-04-15,28.32174,촉촉한황치즈칩
촉촉한황치즈칩,2026-04-16,24.16978,촉촉한황치즈칩
촉촉한황치즈칩,2026-04-17,19.01194,촉촉한황치즈칩
촉촉한황치즈칩,2026-04-18,14.23934,촉촉한황치즈칩
촉촉한황치즈칩,2026-04-19,14.2322,촉촉한황치즈칩
촉촉한황치즈칩,2026-04-20,46.51685,촉촉한황치즈칩
촉촉한황치즈칩,2026-04-21,76.4794,촉촉한황치즈칩
